arg-id,comment-id,argument
A1_0,1,Tokyo
A2_0,2,Sushi
A3_0,3,AI technologies should be developed with a focus on reducing their own environmental impact over their lifecycle.
A3_1,3,"There should be a concerted effort to educate the public about the capabilities, limitations, and ethical considerations of AI."
A3_2,3,AI can optimize smart homes and buildings for energy efficiency and occupant wellbeing.
A3_3,3,"AI can help optimize energy grids, reducing waste and carbon emissions."
A4_0,4,Japanese cherry trees bloom beautifully in the spring.
A5_0,5,Ramen.
A6_0,6,The term 'Samurai' does not relate to the topic of artificial intelligence.
A7_0,7,"Anime is a popular form of entertainment that combines art, storytelling, and culture."
A8_0,8,AI can optimize energy grids to reduce waste and carbon emissions.
A10_0,10,"Nintendo was mentioned, but no specific argument was provided."
A11_0,11,This input does not seem relevant to the topic of artificial intelligence.
A12_0,12,This input does not appear to be related to the topic of artificial intelligence.
A14_0,14,"AI can help optimize energy grids, reducing waste and carbon emissions."
A15_0,15,Impeccable woodworking.
A16_0,16,This input is not relevant to the topic of artificial intelligence.
A17_0,17,Hiroshima is a city in Japan known for its historical significance.
A18_0,18,The song 'I'm Turning Japanese' by the Vapors.
A19_0,19,Japow refers to Japan's powder skiing and riding.
A20_0,20,"Japan exemplifies social responsibility, with citizens taking pride in their country, jobs, and community, and consistently abiding by social rules."
A21_0,21,Hot spas
A21_1,21,Anime
A21_2,21,Ramen
A21_3,21,War crime denial
A22_0,22,"Japanese craftsmanship is meticulous, with a high level of skill and pride in their work."
A22_1,22,Japanese-made cameras and musical instruments are stunning examples of this craftsmanship.
A23_0,23,Shohei Ohtani is a professional baseball player.
A25_0,25,Mount Fuji is not relevant to the topic of artificial intelligence.
A26_0,26,"AI can help optimize energy grids, reducing waste and carbon emissions."
A27_0,27,Karate
A29_0,29,"People usually don't litter and take their trash home, which is commendable."
A30_0,30,AI can enhance technology and contribute to a cleaner country.
A30_1,30,AI can improve animation techniques.
A30_2,30,AI can optimize sushi production.
A30_3,30,AI can assist in managing seniority in the workplace.
A32_0,32,Pikachu is not relevant to the discussion on artificial intelligence.
A33_0,33,AI can contribute to the development of awesome and reliable cars.
A35_0,35,This statement is not relevant to the topic of artificial intelligence.
A36_0,36,Tentacles
A37_0,37,"Samurai were Japanese warriors known for their martial skills, honor, and loyalty."
A38_0,38,There is a trend of neon signage and cute anime characters.
A38_1,38,Young ladies are dressing up in unique fashions.
A39_0,39,Japan has beautiful natural scenery that I would like to visit someday.
A40_0,40,There are concerns about the portrayal of perversion in anime.
A41_0,41,Manga and anime
A42_0,42,AI should be used to document and analyze historical events like WW2 war crimes.
A43_0,43,New Japan Pro Wrestling
A45_0,45,AI should be used to monitor and prevent suicides in high-risk areas like forests.
A47_0,47,The Yamato.
A48_0,48,Hiroshima
A49_0,49,The people in Osaka and Kobe are very polite.
A49_1,49,Osaka and Kobe are clean and tidy cities.
A49_2,49,Visit Osaka and Kobe if you have the chance.
A52_0,52,"I remember searching for a special ramen restaurant with my girlfriend (now wife) for hours without fancy phones, using maps and asking for directions."
A52_1,52,"We were stressed out when we finally found the restaurant and got in line, but a waiter handed us an English menu, which made us laugh and enjoy the experience. The ramen was great!"
A53_0,53,This input does not seem to be related to the topic of artificial intelligence.
A54_0,54,No argument provided.
A55_0,55,AI should be used to protect marine life and prevent activities that harm sea creatures.
A56_0,56,Important nuances and cultural contexts can be lost when AI translates languages.
A57_0,57,"AI can help optimize energy grids, reducing waste and carbon emissions."
A58_0,58,AI should be regulated to prevent its use in committing war crimes.
A59_0,59,"Crimes against humanity that they refuse to acknowledge, even to this day."
A60_0,60,Tentacles
A61_0,61,Tentacles
A62_0,62,Tentacles
A63_0,63,I want to understand their culture to see how much we are alike and what makes us different.
A64_0,64,I want to go there.
A65_0,65,"In Osaka, an old man asked to practice his English with me, and we talked about local attractions for half an hour. At the end, he thanked me, and I thanked him in Japanese. He smiled and said, 'You need practice!' It was the hardest I laughed during my entire four-week trip."
A67_0,67,Ninjas
A68_0,68,AI can help create tidy and low-crime environments.
A68_1,68,AI can contribute to repressed societies.
A68_2,68,AI can be used to create the weirdest game shows ever.
A69_0,69,Tentacles
A70_0,70,"AI can help optimize energy grids, reducing waste and carbon emissions."
A71_0,71,Ramen is delicious.
A72_0,72,Sushi
A73_0,73,Honda/Acura
A74_0,74,No relevant argument provided.
A75_0,75,This is not relevant to the topic of artificial intelligence.
A78_0,78,Mikasa Ackerman is a character from the anime and manga series 'Attack on Titan.'
A79_0,79,AI could help alleviate the workload of exhausted office workers.
A80_0,80,The Rape of Nanjing was a horrific event during which Japanese forces committed atrocities against Chinese civilians and soldiers in 1937.
A81_0,81,We had amazing experiences visiting.
A82_0,82,AI development should be guided by strict ethical standards and regulations.
A83_0,83,The Rape of Nanking is a historical event that more people should be aware of due to its significance and impact.
A84_0,84,AI should be regulated to prevent its use in committing war crimes.
A85_0,85,Fish
A86_0,86,"People should refer to each other by their surnames with honorifics like -san, -chan, and -kun."
A87_0,87,Mosaic Blur
A89_0,89,AI can help preserve beautiful temples and historic architecture.
A90_0,90,No argument provided.
A91_0,91,AI should be developed and used for peaceful purposes.
A92_0,92,AI should be designed to interact in a friendly and approachable manner.
A93_0,93,Attack on Titan?
A93_1,93,Anime in general
A93_2,93,Even unnecessarily censored 'Porn'
A94_0,94,Westerners are overly obsessed with AI.
A96_0,96,My Polish sister-in-law is obsessed with Japan.
A98_0,98,No relevant argument provided.
A99_0,99,We need to address the potential for AI to perpetuate or exacerbate racism.
A99_1,99,AI innovation should include measures to prevent racial bias.
A100_0,100,The Imperial Japanese committed numerous atrocities during their reign.
A102_0,102,AI can optimize energy grids to reduce waste and carbon emissions.
A103_0,103,Fancy toilet
A104_0,104,Yoko.
A105_0,105,"AI can help optimize energy grids, reducing waste and carbon emissions."
A106_0,106,AI can be used to improve vehicle performance and safety.
A107_0,107,This input does not appear to be related to the topic of artificial intelligence.
A108_0,108,Skiing in powder snow offers a unique and enjoyable experience.
A109_0,109,A castle in Kyoto is a notable landmark.
A109_1,109,Yokohama is a city I would love to visit someday.
A111_0,111,"Hayao Miyazaki, from Studio Ghibli, is a notable figure in animation."
A112_0,112,This input does not appear to be related to the topic of artificial intelligence.
A113_0,113,Powerful AI systems should be regulated to prevent misuse and ensure safety.
A114_0,114,"A crowded, large city"
A115_0,115,Indian food offers a diverse range of flavors and dishes.
A115_1,115,Convenience store fried chicken is a quick and accessible meal option.
A116_0,116,The sun flag is associated with war crimes.
A116_1,116,Anime is a popular form of entertainment.
A117_0,117,"AI can help optimize energy grids, reducing waste and carbon emissions."
A118_0,118,There is concern that some actions taken during WWII went unpunished.
A119_0,119,Custom Maid 3D is a topic related to AI in entertainment and gaming.
A120_0,120,AI can be misused for unethical purposes.
A122_0,122,I lived in my second home for almost a decade.
A122_1,122,I visit my husband's family there every other year.
A123_0,123,There is a concern about nationalistic racism in AI development.
A124_0,124,AI should be regulated to prevent its use in committing war crimes.
A125_0,125,AI could be used to identify and support suicidal youth.
A126_0,126,This input does not appear to be an argument related to artificial intelligence.
A127_0,127,AI can improve the functionality and efficiency of vending machines.
A128_0,128,"Some establishments have discriminatory policies, such as signs that say 'No Westerners Allowed.'"
A129_0,129,"Sex crimes such as sexual molestation, kidnapping, and raping are serious issues."
A129_1,129,Toyota appears attractive but has many natural disasters and poor treatment of lower-ranking or younger individuals.
A129_2,129,"Despite these issues, the culture in Toyota is interesting in some ways."
A130_0,130,AI should be regulated to prevent its use in committing war crimes.
A131_0,131,There is a lack of acknowledgment of war crimes committed in South Asia and the South Pacific.
A131_1,131,"Japan's marketing strategy, portraying a 'kawaii' image, is highly effective."
A132_0,132,"I found it amusing when my friend mentioned they have Japanese ancestry, and I almost made a joke about 'Japan-genes.'"
A133_0,133,The age of consent for AI interactions should be carefully considered.
A134_0,134,Inappropriate or offensive language should not be used in public consultations.
A135_0,135,A 12-sided eraser has been on my mind since I saw a video promoting it.
A136_0,136,"A memorable meal in Fukuoka, Japan, has made me think of it every time Japan is mentioned."
A137_0,137,Karai is a character from Teenage Mutant Ninja Turtles (TMNT).
A138_0,138,"I would love to visit and spend time in Japan, as it is very different from living in the Midwest US."
A138_1,138,"Japan faces significant risks from natural disasters, such as major earthquakes, which could lead to financial and humanitarian crises."
A138_2,138,The potential for a major earthquake in Tokyo could result in trillions of dollars in damage and severe consequences for Japan's economy and nuclear facilities.
A139_0,139,AI can optimize train systems for efficiency and safety.
A141_0,141,Rapid industrialization and modernization enabled Japan to become a major imperial power in Asia within five decades after Commodore Perry opened the nation in 1853.
A142_0,142,Fukushima is causing ocean pollution.
A143_0,143,There are many Japanese people involved.
A144_0,144,This input does not appear to be related to the topic of artificial intelligence.
A145_0,145,It's an interesting place to visit and live.
A145_1,145,The vending machines are notable.
A146_0,146,Japan should invest in AI technologies to stay competitive globally.
A148_0,148,"I spent 11 nights drinking and singing karaoke with strangers in The Golden Gai, Shinjuku, Tokyo."
A149_0,149,High-quality sushi is important.
A150_0,150,Mt. Fuji
A152_0,152,Japan has the fastest declining birthrate in the world.
A152_1,152,Anime is enjoyable despite some negative opinions.
A154_0,154,AI can optimize energy grids to reduce waste and carbon emissions.
A155_0,155,I enjoy the taste of raw fish and soy sauce.
A156_0,156,Ramen.
A157_0,157,AI can help optimize food production and distribution.
A158_0,158,Crosswalks should be designed to ensure the safety of pedestrians.
A159_0,159,AI can improve cleanliness in various environments.
A160_0,160,Hank Hill has a Japanese half-brother.
A161_0,161,They enhanced their reputation by incorporating cute elements and pop culture.
A162_0,162,Japan is a country I admire and hope to visit one day.
A163_0,163,Gundams
A164_0,164,The word 'Japan' in big red font with cherry blossoms falling.
A165_0,165,This argument is not relevant to the topic of artificial intelligence.
A166_0,166,AI can help maintain cleanliness and order.
A167_0,167,AI should promote cleanliness and courtesy.
A168_0,168,Heavy snowfall in Vermont is often compared to the snowfall in Japan.
A169_0,169,Kamikaze pilots were ruthless in their actions during their time.
A170_0,170,"AI can help optimize energy grids, reducing waste and carbon emissions."
A171_0,171,"A beautiful country with lots of history, amazing art, and nice people."
A172_0,172,Tokyo metro station loudspeakers end announcements with 'arigato gozaimasu'.
A173_0,173,Cherry blossom trees enhance the aesthetic appeal of environments.
A173_1,173,Efficiency improvements are crucial for technological advancements.
A174_0,174,I was laid off when I worked there.
A175_0,175,Cherry blossoms are beautiful and culturally significant.
A176_0,176,This input does not appear to be an argument related to AI.
A179_0,179,"There should be a concerted effort to educate the public about the capabilities, limitations, and ethical considerations of AI."
A180_0,180,AI should be used to prevent the proliferation and use of nuclear weapons.
A182_0,182,This input is not relevant to the topic of artificial intelligence.
A183_0,183,AI could help address high suicide rates.
A183_1,183,AI could improve work ethics.
A183_2,183,AI could help address low birth rates.
A184_0,184,"AI can help bring together various special interests like Nintendo, Studio Ghibli, instant noodles, and anime."
A185_0,185,Koi fishes
A186_0,186,"AI should be developed with neatness, order, and meticulousness in mind."
A187_0,187,Japan invaded Korea around 100 years ago.
A187_1,187,Japan has impressive architecture.
A188_0,188,Drifting culture and snowboarding the famous Japan powder.
A189_0,189,The comment is inappropriate and does not contribute to the discussion on AI.
A190_0,190,The Olympics in Nagano
A191_0,191,The Japanese language.
A192_0,192,Thrifting!
A193_0,193,AI can optimize train systems for efficiency and safety.
A194_0,194,This input is not relevant to the topic of artificial intelligence.
A195_0,195,AI development should address and mitigate xenophobia.
A196_0,196,This input is not relevant to the topic of artificial intelligence.
A197_0,197,New York but better.
A198_0,198,Shinto shrines should be preserved and respected in the development of AI technologies.
A199_0,199,"AI can help optimize energy grids, reducing waste and carbon emissions."
A201_0,201,AI should support hard-working people by enhancing productivity and reducing repetitive tasks.
A202_0,202,"A culture that promotes overworking and stigmatizes failure is harmful, even if it results in orderly public behavior."
A202_1,202,"Xenophobia in Japan leads to discrimination against long-term residents and non-Japanese individuals, regardless of race."
A203_0,203,This input does not appear to be relevant to the topic of artificial intelligence.
A204_0,204,"AI can help optimize energy grids, reducing waste and carbon emissions."
A205_0,205,"Japan is known for quality shotguns, automobiles, and a rich history."
A205_1,205,Japan excels in customizing Harley Davidson motorcycles.
A205_2,205,"Despite events like Pearl Harbor and WWII, every country has its own demons."
A206_0,206,Nanking
A207_0,207,AI should be regulated to prevent its use in committing war crimes.
A209_0,209,Logan Paul is a public figure often associated with social media and entertainment.
A210_0,210,AI could be used to create images of beautiful women that age very slowly.
A211_0,211,I miss the food and the people.
A211_1,211,I had a great time living there.
A213_0,213,"I once bought my friend a humorous gift for his birthday, and the memory still makes me laugh years later."
A214_0,214,AI should be used to prevent and document war crimes.
A215_0,215,AI could be used to improve the diagnosis and treatment of mental illness.
A216_0,216,Anime can be perceived as bizarre and creepy by some people.
A218_0,218,The Rape of Nanjing was a horrific event during which Japanese forces committed mass atrocities against Chinese civilians and soldiers in Nanjing during the Second Sino-Japanese War.
A220_0,220,This comment is inappropriate and does not contribute to the discussion on AI.
A221_0,221,Anime
A223_0,223,"Adderall is illegal and possession can lead to arrest, even with a prescription."
A223_1,223,The community is unkind to LGBTQ+ individuals.
A223_2,223,"There is significant xenophobia, with reluctance to rent to or hire foreigners."
A223_3,223,Pedophilic manga is still prevalent.
A223_4,223,The drinking culture is problematic.
A223_5,223,The handling of death row is cruel.
A223_6,223,"We get another Ghibli movie with Miyazaki at the helm, but the work culture around its production was probably terrible."
A224_0,224,Empire of the Rising Sun
A225_0,225,Sushi is a popular Japanese cuisine.
A225_1,225,Cherry blossoms are a significant cultural symbol in Japan.
A225_2,225,"Pearl Harbor is a historic site in Hawaii, known for the 1941 attack."
A226_0,226,"AI can enhance energy grid efficiency, reducing waste and carbon emissions."
A227_0,227,I want to move there.
A228_0,228,Some cultural traditions may seem outdated or unnecessary.
A230_0,230,AI policies should consider historical injustices and their long-term impacts on communities.
A231_0,231,JaPOW! It's a top destination for a ski trip.
A232_0,232,STARDOM offers some of the best women's wrestling in the world but is flying under the radar.
A232_1,232,There should be more awareness about the cleanliness and acceptable/cute racism in Japanese women's wrestling.
A233_0,233,"Japan conducted more heinous human experimentation than Nazi Germany, but many people are unaware of this."
A235_0,235,Ohio
A236_0,236,"I miss the beautiful young women and healthy food from my home country, which are hard or expensive to find in Australia."
A237_0,237,"AI can help optimize energy grids, reducing waste and carbon emissions."
A238_0,238,AI can create amazing animations.
A239_0,239,AI development should be guided by strict ethical standards and regulations.
A240_0,240,"AI can help optimize energy grids, reducing waste and carbon emissions."
A241_0,241,This argument is unclear and does not seem relevant to the topic of artificial intelligence.
A242_0,242,Great value for money with high-quality service and no tipping.
A242_1,242,Reasonable prices and low sales tax.
A243_0,243,"Sharp swords, the rising red sun, and E-Honda‚Äôs music in Street Fighter 2."
A244_0,244,Here comes the sun.
A245_0,245,AI can lead to the development of cool gadgets and advanced technologies.
A246_0,246,The representation of women in AI development and deployment should be considered to ensure diversity and inclusivity.
A247_0,247,AI should be designed to prevent misuse by individuals with harmful intentions.
A248_0,248,There should be regulations against vending machines that sell used panties to prevent exploitation and maintain public decency.
A250_0,250,AI can advance scientific research and innovation.
A252_0,252,"The use of AI in military applications raises ethical concerns, such as the potential for catastrophic consequences."
A253_0,253,The impact of AI on Japanese society should be considered.
A254_0,254,The argument is unclear and needs more detail.
A255_0,255,Inappropriate content detected. Please provide a relevant argument related to artificial intelligence.
A256_0,256,This input is not relevant to the topic of artificial intelligence.
A257_0,257,"This is a nice place, all things considered."
A258_0,258,Anime often portrays problematic scenarios involving young girls on trains.
A259_0,259,Disparaging comments about specific groups are unproductive and should be avoided.
A260_0,260,Personal experiences with substances can lead to disorienting and humorous situations.
A261_0,261,"I felt disillusioned and betrayed when I learned that the U.S. forced Japanese American citizens into camps during World War II, depriving them of their homes and belongings."
A261_1,261,It is shocking that this happened during the same war in which the U.S. applauds itself for freeing Jews from concentration camps abroad.
A262_0,262,AI should be designed to promote good behavior and ethical practices.
A263_0,263,"Some people are still deeply affected by WWII, similar to Japanese soldiers who remained in the jungle until the 1970s, refusing to surrender."
A264_0,264,"AI can help manage traffic flow to reduce congestion, even during off-peak hours like 3 am."
A265_0,265,This input is not relevant to the topic of artificial intelligence.
A266_0,266,Cultural issues in corporate environments can lead to poor decision-making and crisis management.
A266_1,266,The Fukushima disaster was exacerbated by a cultural tendency to follow orders rather than take initiative.
A267_0,267,Sushi and udon.
A268_0,268,Midnight Diner on Netflix.
A269_0,269,The consultation should focus on relevant and respectful contributions.
A270_0,270,AI should be developed with the needs of future generations in mind.
A271_0,271,Yakushima or people with old coffee beans in storefronts have more marketing nerve than independent coffee places in the U.S.
A272_0,272,"Watching documentaries about AI and its potential misuse can be distressing, similar to those about Nazis."
A273_0,273,No clear argument provided.
A274_0,274,AI can optimize smart homes and buildings for energy efficiency and occupant wellbeing.
A275_0,275,No relevant argument provided.
A278_0,278,Tradition is important.
A278_1,278,Vending machines are useful.
A279_0,279,"AI can help optimize energy grids, reducing waste and carbon emissions."
A280_0,280,Fast and Furious: Tokyo Drift
A281_0,281,"Heated toilet seats and a warm water jet spray for cleaning, followed by warm air drying, offer exceptional comfort."
A282_0,282,Manga and video games are popular aspects of Japanese culture.
A282_1,282,Japanese women are often considered very attractive.
A283_0,283,America spent significant resources reconstructing Japan after Hiroshima and Nagasaki instead of investing in its own infrastructure.
A284_0,284,I have a strong affection for Japan after spending nine months there in 1986.
A285_0,285,AI is an exciting field with great potential for future developments.
A286_0,286,Shinjuku
A288_0,288,AI can improve food production and distribution.
A289_0,289,"In Japan, being an office worker is important for men, and being a housewife is important for women."
A289_1,289,"Despite these traditional roles, Japan can be seen as a good place from a non-emotional perspective."
A290_0,290,AI systems are rapidly advancing and could soon replace ninety percent of human labor.
A290_1,290,This could lead to social unrest as people may not receive financial support.
A290_2,290,Countries with large populations like China and the U.S. could face significant challenges.
A290_3,290,"Countries with lower populations and strong social systems, like Japan, Nordic countries, and New Zealand, may fare better."
A291_0,291,I dislike American breakfasts and prefer living elsewhere.
A293_0,293,The use of AI in military applications raises ethical and safety concerns.
A294_0,294,"People often forget that Nagasaki was also bombed, and it was worse than Hiroshima."
A294_1,294,The Japanese government might have covered up the extent of the Nagasaki bombing.
A295_0,295,China is a key player in the development and deployment of AI technologies.
A297_0,297,AI could contribute to a conformist and tyrannical society.
A298_0,298,This statement is inappropriate and not relevant to the topic of artificial intelligence.
A299_0,299,The development and use of AI in nuclear technology should be carefully regulated.
A300_0,300,This comment is inappropriate and does not contribute to the discussion on AI.
A301_0,301,"There are concerns about racism in AI systems, particularly in comparison to issues in the United States."
A302_0,302,The obsession with Japanese culture can be excessive and unbalanced.
A304_0,304,Honda
A304_1,304,Citizen Eco-Drive
A304_2,304,Sony
A304_3,304,ShoGun
A304_4,304,Katana Blades
A304_5,304,Samurai abilities
A304_6,304,Ronin (Ninja)
A304_7,304,Sushi (Sashimi)
A304_8,304,Akira
A307_0,307,AI can enhance earthquake early warning systems.
A308_0,308,I avoid seafood due to my allergy and anxiety about having an allergic reaction.
A309_0,309,This input does not appear to be a relevant argument about artificial intelligence.
A310_0,310,"AI can help optimize energy grids, reducing waste and carbon emissions."
A311_0,311,I want to move there.
A312_0,312,AI could enable the development of innovative products and services.
A313_0,313,Japan won the World Cup this year.
A313_1,313,Imagine a society where everyone cleans up after themselves.
A314_0,314,AI should be used to create reliable products.
A315_0,315,This input does not appear to be related to the topic of artificial intelligence.
A316_0,316,Banzai.
A317_0,317,"AI can help optimize energy grids, reducing waste and carbon emissions."
A318_0,318,"Society is often locked in tradition, which can hinder the adoption of AI."
A320_0,320,Overpopulated streets
A321_0,321,AI can improve efficiency in various sectors.
A323_0,323,A clean country with people who respect nature is important.
A323_1,323,Cool architecture can enhance the living environment.
A324_0,324,"AI can help optimize energy grids, reducing waste and carbon emissions."
A325_0,325,No relevant argument provided.
A326_0,326,"AI can help optimize energy grids, reducing waste and carbon emissions."
A327_0,327,Advanced AI technologies should be developed with a focus on reducing their own environmental impact over their lifecycle.
A328_0,328,Kawasaki
A329_0,329,"AI can help optimize energy grids, reducing waste and carbon emissions."
A330_0,330,Ramen
A331_0,331,Pagodas and cherry blossoms
A332_0,332,AI can contribute to clean and impressive architecture.
A332_1,332,AI can help preserve and promote strong cultural values.
A333_0,333,This input does not seem relevant to the topic of artificial intelligence.
A334_0,334,Cherry blossom
A334_1,334,Mt. Fuji
A334_2,334,Temples
A334_3,334,Pok√©mon
A334_4,334,Hello Kitty
A334_5,334,Hot springs
A334_6,334,Sushi
A334_7,334,Ramen
A335_0,335,Sushi is not relevant to the topic of artificial intelligence.
A337_0,337,Red
A337_1,337,White
A337_2,337,Cherry Blossoms
A337_3,337,Kyoto
A337_4,337,Shoji (paper doors)
A338_0,338,Crowded
A339_0,339,Monkeys in steaming pools.
A340_0,340,Sailor Moon
A341_0,341,I wish I had the money or means to move to a place with great food and culture.
A342_0,342,Kei Nishikori
A343_0,343,Cats and modern infrastructure.
A344_0,344,AI should address and mitigate toxic work culture.
A345_0,345,Food
A346_0,346,The impact of AI on the adult entertainment industry should be carefully considered.
A347_0,347,Avoid visiting Tokyo in the summer.
A348_0,348,Lone wolf and cub.
A348_1,348,Many tears were shed.
A351_0,351,AI may be viewed more favorably by Westerners compared to people from Asia.
A353_0,353,Land development can lead to significant environmental impacts.
A354_0,354,Best vacation ever.
A355_0,355,I fell in love with Okonomiyaki in Hiroshima and still think about it to this day.
A357_0,357,This input does not appear to be an argument related to artificial intelligence.
A358_0,358,The big wave print by Hokusai comes to mind.
A359_0,359,Sakura
A360_0,360,Goku is not relevant to the discussion on artificial intelligence.
A361_0,361,Toyota should consider integrating AI to enhance their vehicle technology and manufacturing processes.
A362_0,362,Osamu Dazai is the author of the book 'No Longer Human'.
A362_1,362,'No Longer Human' is a novel by Osamu Dazai.
A363_0,363,"AI can help optimize energy grids, reducing waste and carbon emissions."
A364_0,364,Rarapalooza
A366_0,366,Some people might initially think of inappropriate content like 'hentai' but reconsider their response.
A368_0,368,Japan should consider the implications of AI on its society and economy.
A369_0,369,A micro tea cup poodle cafe in Akihabara.
A370_0,370,AI technologies should be developed with a focus on reducing their own environmental impact over their lifecycle.
A370_1,370,"There should be a concerted effort to educate the public about the capabilities, limitations, and ethical considerations of AI."
A370_2,370,AI can optimize smart homes and buildings for energy efficiency and occupant wellbeing.
A370_3,370,"AI can help optimize energy grids, reducing waste and carbon emissions."
A371_0,371,History shows how nature often highlights the mistakes of humanity.
A372_0,372,"Anime is a popular form of entertainment that combines art, storytelling, and music."
A373_0,373,"Washi, Hello Kitty, and other cute items are popular worldwide."
A374_0,374,Retro games are currently available at very low prices.
A375_0,375,Welcome to the rice fields.
A376_0,376,AI„ÅØ„Ç®„Éç„É´„ÇÆ„Éº„Ç∞„É™„ÉÉ„Éâ„ÇíÊúÄÈÅ©Âåñ„Åó„ÄÅÁÑ°ÈßÑ„Å®ÁÇ≠Á¥†ÊéíÂá∫„ÇíÂâäÊ∏õ„Åô„Çã„Åì„Å®„Åå„Åß„Åç„Åæ„Åô„ÄÇ
A377_0,377,Cherry blossoms are beautiful and worth experiencing.
A377_1,377,"Based on my YouTube habits, head spa treatments like hour-long scalp massages are very relaxing."
A378_0,378,"Anime is a popular form of entertainment that combines art, storytelling, and culture."
A379_0,379,AI can improve the efficiency and user experience of vending machines.
A380_0,380,Cherry blossom trees.
A381_0,381,This is a must-visit place before I die.
A382_0,382,Tokyo is one of the most interesting places I have visited.
A383_0,383,AI can enhance beauty and personal care through personalized recommendations and virtual try-ons.
A384_0,384,This comment is not relevant to the topic of artificial intelligence.
A385_0,385,AI can improve food production and distribution.
A386_0,386,Mochi and other interesting foods should be explored.
A387_0,387,"AI can help optimize energy grids, reducing waste and carbon emissions."
A388_0,388,Tradition and honor should be considered in the development and deployment of AI.
A389_0,389,Seaweed
A390_0,390,"I dreamt of a technologically advanced place with vivid colors, impressive shopping centers, and short bus routes."
A390_1,390,"The people in my dream seemed fun, and the place reminded me of Japan."
A390_2,390,"It's interesting to dream about Japan as a Brit, especially since I'm not obsessed with Japanese culture."
A391_0,391,I would like to visit someday.
A393_0,393,This input does not appear to be a relevant argument about artificial intelligence.
A394_0,394,Shy and quiet individuals
A397_0,397,AI can optimize energy grids to reduce waste and carbon emissions.
A398_0,398,AI can optimize energy grids to reduce waste and carbon emissions.
A399_0,399,Fat Man and Little Boy were the code names for the atomic bombs dropped on Hiroshima and Nagasaki during World War II.
A401_0,401,Tokyo is eerily clean.
A402_0,402,Big red dot
A403_0,403,"AI can help optimize energy grids, reducing waste and carbon emissions."
A404_0,404,Tokyo at night is a vibrant and bustling cityscape.
A405_0,405,Sphere-shaped food is good.
A406_0,406,Zero coming out of the sun.
A408_0,408,Neon lights.
A409_0,409,I enjoy katsu curry.
A410_0,410,"AI can improve various aspects of life, such as entertainment, food, and housing."
A411_0,411,The term 'drunk cattle' is unclear and needs more context to be a valid argument.
A412_0,412,I had a wonderful trip many years ago and hope to go back someday.
A413_0,413,"Anime is a popular form of entertainment that combines art, storytelling, and culture."
A414_0,414,This input is not relevant to the topic of artificial intelligence.
A416_0,416,Advanced AI systems are fundamentally different from traditional technologies.
A417_0,417,The US missed out on many cool cars.
A418_0,418,Japanese people
A419_0,419,Cherry blossoms
A420_0,420,This argument has been removed.
A423_0,423,AI systems can perpetuate and amplify stereotypes.
A424_0,424,I enjoyed my vacations there and the food.
A425_0,425,This input does not appear to be related to the topic of artificial intelligence.
A426_0,426,No argument provided.
A427_0,427,Japanese cherry blossoms are culturally significant and beautiful.
A428_0,428,Neon is a noble gas used in lighting and high-voltage indicators.
A429_0,429,AI can improve food production and distribution.
A430_0,430,"My first thought was Nagasaki, then Tokyo, then anime, and finally video games."
A432_0,432,AI could enable vending machines for a wide variety of products.
A434_0,434,"Samurai were Japanese warriors known for their martial skills, honor, and loyalty."
A435_0,435,Ethics should be a key consideration in the development and deployment of AI.
A436_0,436,AI can be used to predict and mitigate the impact of earthquakes.
A437_0,437,People were generally nice and polite when I traveled there.
A438_0,438,AI can improve food production and distribution.
A439_0,439,"Samurai were Japanese warriors known for their martial skills, honor, and loyalty."
A440_0,440,The food!
A441_0,441,"The development and deployment of AI should consider ethical implications, similar to how historical events like the creation of atomic bombs ('Little Boy' and 'Fat Man') had profound ethical consequences."
A442_0,442,"AI can help optimize energy grids, reducing waste and carbon emissions."
A443_0,443,Cherry blossoms are beautiful and symbolize the transient nature of life.
A444_0,444,Red Dot.
A445_0,445,It's my favorite country in the world.
A445_1,445,I love the food.
A447_0,447,Shinzo Abe is not directly related to the topic of artificial intelligence.
A448_0,448,Naruto
A450_0,450,The fast-motion clip of people crossing roads at a busy triangular junction is often used in YouTube videos about population or Japan/East Asia.
A451_0,451,AI has significant potential for growth and impact in Japan.
A452_0,452,"The Japanese share common traits with everyone else, but to a greater extent."
A454_0,454,Hello!
A455_0,455,Real-life Mario Kart races can be held through the streets of Shinjuku.
A456_0,456,Hidetaka Miyazaki is highly regarded for his contributions to game design.
A457_0,457,I love the culture and history of the country.
A457_1,457,I've visited the country several times and speak the language.
A458_0,458,"Anime is a popular form of entertainment that combines art, storytelling, and culture."
A459_0,459,Pixels are the smallest unit of a digital image or display.
A460_0,460,AI can improve the efficiency and user experience of vending machines.
A461_0,461,1945
A462_0,462,AI development should prioritize diversity and inclusion.
A463_0,463,Kawaii
A464_0,464,Hiroshima is an example of the devastating impact of technology when used irresponsibly.
A466_0,466,People should be polite.
A467_0,467,AI can optimize smart homes and buildings for energy efficiency and occupant wellbeing.
A468_0,468,Sakura trees enhance the beauty of temples.
A469_0,469,Hiroshima is a city in Japan known for its historical significance.
A470_0,470,This input is not relevant to the topic of artificial intelligence.
A473_0,473,AI should be used to detect and prevent the distribution of pixelated porn.
A475_0,475,AI can optimize energy grids to reduce waste and carbon emissions.
A476_0,476,AI should respect cultural values and norms.
A476_1,476,AI should address concerns related to inappropriate or harmful content.
A478_0,478,I miss it a lot.
A480_0,480,This input does not appear to be an argument related to artificial intelligence.
A481_0,481,"AI can help optimize energy grids, reducing waste and carbon emissions."
A482_0,482,I imagine cherry blossoms and a festival when I think about AI.
A483_0,483,"Japan feels like home to me because my wife is Japanese, I lived there for 7 years, and one of our children was born there."
A483_1,483,Japan feels like home but not home anymore.
A484_0,484,"AI can help optimize energy grids, reducing waste and carbon emissions."
A485_0,485,"As a fat man, I can't go out with my young son without making people worried."
A486_0,486,Sushi.
A487_0,487,The term 'Kamikaze' is not relevant to the discussion on artificial intelligence.
A488_0,488,"A mix between Fushimi Inari in Kyoto and Maizen, a restaurant in Tokyo."
A490_0,490,AI can improve the functionality and efficiency of vending machines.
A491_0,491,"Gentlemen Take Polaroids was the best album by the band, with Quiet Life as a close second."
A492_0,492,Cherry Blossoms üå∏
A494_0,494,AI can improve the functionality and efficiency of vending machines.
A495_0,495,Please provide a clear and concise argument related to AI for further assistance.
A496_0,496,"Manga and anime can be influenced by AI in various ways, such as content creation and recommendation systems."
A497_0,497,This input does not appear to be related to the topic of artificial intelligence.
A498_0,498,I want to visit Tokyo DisneySea.
A498_1,498,I want to see Kyoto in person.
A499_0,499,No argument provided.
A500_0,500,I need to visit one of these days.
A501_0,501,Sushi
A502_0,502,Everything in the universe is incredibly small when compared to the vastness of space.
A503_0,503,"There should be regulations on the portrayal of minors in media, including anime and related content."
A505_0,505,Anime and robots
A506_0,506,Toyota and Honda should be considered in discussions about AI in the automotive industry.
A507_0,507,Delicious food
A508_0,508,Japan should invest in AI technologies to stay competitive.
A509_0,509,AI can improve food production and distribution systems.
A510_0,510,GOJIRA!
A512_0,512,Hard Gay is a funny comedian.
A513_0,513,Making sushi with my family and girlfriend was a joyful and memorable experience.
A514_0,514,"The use of AI in weaponry, such as bombs, raises significant ethical concerns."
A516_0,516,The shape of the country and cloudy skies.
A517_0,517,The Nanjing massacre is a significant historical event that should be remembered.
A517_1,517,"Recency bias can influence our focus on historical events, such as the Nanjing massacre, due to recent conversations or media."
A518_0,518,AI should not contribute to horrible working conditions.
A519_0,519,Overly polite people
A519_1,519,Anime
A519_2,519,Rice
A519_3,519,Declining birth rates
A520_0,520,I want to return to the previous state or situation.
A521_0,521,Nanking
A522_0,522,The impact of AI on Japanese society should be considered.
A524_0,524,No relevant argument provided.
A526_0,526,This input is not relevant to the topic of artificial intelligence.
A527_0,527,This input does not contain an argument related to artificial intelligence.
A528_0,528,Idealized cherry trees in bloom in front of Mt. Fuji.
A530_0,530,Deep snow
A532_0,532,AI can optimize energy grids to reduce waste and carbon emissions.
A533_0,533,The development and use of atomic bombs raise significant ethical and safety concerns.
A534_0,534,AI should be designed to prevent and mitigate xenophobia.
A535_0,535,There are concerns about technologically advanced sexual deviants.
A536_0,536,Naruto is not relevant to the topic of artificial intelligence.
A537_0,537,Tokyo is a massive city.
A538_0,538,Kawaii girls and neon signs/TV billboards at night.
A539_0,539,"AI can improve the safety of public transportation, such as buses."
A540_0,540,This input does not appear to be related to the topic of artificial intelligence.
A541_0,541,"AI should not be used for autonomous weapons, such as dropping bombs from the sky."
A542_0,542,"AI can help optimize energy grids, reducing waste and carbon emissions."
A543_0,543,AI can impact culture in various ways.
A544_0,544,AI can improve food production and distribution systems.
A545_0,545,AI should be developed with a focus on reducing its environmental impact over its lifecycle.
A545_1,545,"We should educate the public about the capabilities, limitations, and ethical considerations of AI."
A545_2,545,AI can optimize smart homes and buildings for energy efficiency and occupant wellbeing.
A545_3,545,AI could optimize energy grids to reduce waste and carbon emissions.
A547_0,547,Ramen
A548_0,548,Seafood
A549_0,549,Affordable small apartments are important.
A549_1,549,A large expat community teaching English is beneficial.
A550_0,550,Purple lights
A551_0,551,"Geishas, cherry blossoms, and bullet trains are iconic symbols of Japanese culture."
A552_0,552,AI could optimize energy grids to reduce waste and carbon emissions.
A552_1,552,I've heard that the world's most unhappy people live in beautiful places.
A553_0,553,Ramen
A554_0,554,Even the smallest ramen shop can offer the best food.
A554_1,554,Always look for unique dining experiences.
A556_0,556,"AI can optimize energy grids, reducing waste and carbon emissions."
A557_0,557,AI can improve food production and distribution.
A558_0,558,The argument 'Pink trees' is unclear and lacks context. Please provide more details or clarify the statement.
A559_0,559,Hibachi
A560_0,560,AI can be used to improve the safety and performance of drifting cars.
A561_0,561,"Young people are too stressed to build families, leading to areas with aging populations."
A563_0,563,AI can improve the management of waterfronts and fish markets.
A565_0,565,Cherry blossoms are beautiful and culturally significant.
A567_0,567,AI can improve food production and distribution.
A568_0,568,NJPW (New Japan Pro-Wrestling) is a professional wrestling promotion based in Japan.
A571_0,571,You are already dead.
A572_0,572,Japan's industry involves killing endangered whales and other highly intelligent cetaceans.
A573_0,573,Izuku Midoriya is a fictional character from the anime and manga series 'My Hero Academia.'
A574_0,574,No argument provided.
A575_0,575,This country is one of the safest in the world.
A575_1,575,This country has amazing food.
A576_0,576,Tokyo is a major city known for its advanced technology and culture.
A576_1,576,Godzilla is a popular cultural icon originating from Japan.
A576_2,576,Sushi is a traditional Japanese dish enjoyed worldwide.
A577_0,577,The bombings of Hiroshima and Nagasaki were dark times in world history.
A580_0,580,AI development should be guided by strict ethical standards and regulations.
A581_0,581,Japanese gardens and cozy houses reflect a blend of modernity and tradition.
A581_1,581,Anime is a significant cultural element in Japan.
A581_2,581,The Hokkaido level in the Hitman video game captures this blend of modernity and tradition.
A582_0,582,This input is unclear and needs more context to be turned into a concise argument.
A583_0,583,Sushi
A585_0,585,Drift cars
A586_0,586,Good food is essential for health and well-being.
A587_0,587,AI can help manage and improve the efficiency of crowded cities.
A589_0,589,No clear argument provided.
A590_0,590,There is a significant amount of snow up north.
A591_0,591,Seafood
A592_0,592,I have been advised not to continue further.
A593_0,593,My people were subjected to imperialism.
A594_0,594,Gaussian blur is a technique used in image processing to reduce noise and detail.
A595_0,595,Trains were crowded all day long.
A596_0,596,"Sushi is a traditional Japanese dish made with vinegared rice and various ingredients such as seafood, vegetables, and sometimes tropical fruits."
A597_0,597,Cars are becoming over-engineered.
A598_0,598,Technology
A600_0,600,Robotech
A601_0,601,Sushi
A602_0,602,A clip shows a guy on a tour that suddenly becomes chaotic.
A603_0,603,Pagodas and Torii gates are significant cultural symbols.
A604_0,604,This input does not seem relevant to the topic of artificial intelligence.
A605_0,605,No argument provided.
A607_0,607,This input does not appear to be a relevant argument about artificial intelligence.
A609_0,609,"Paullie Walnuts in The Sopranos mistakenly referred to a Korean man while saying, 'Word to the wise kid, never forget Pearl Harbor.'"
A611_0,611,"Videos of people walking around Japanese cities at night, especially in the rain with neon signs, create a nice and enjoyable sensation."
A612_0,612,Respect
A613_0,613,Geisha
A615_0,615,Cherry blossom trees are beautiful and culturally significant.
A616_0,616,The best country I ever traveled to.
A617_0,617,Tradition is important.
A617_1,617,Respect for authority is important.
A617_2,617,3rd generation artisans should be valued.
A617_3,617,Ninjas are significant.
A618_0,618,Many beliefs about food are based on urban legends.
A619_0,619,AI should be used to address and mitigate negative cultural and societal issues.
A619_1,619,AI can help promote and preserve positive cultural aspects and achievements.
A621_0,621,"Some places are technologically advanced, living as if they are 200 years in the future."
A622_0,622,Red dot
A624_0,624,"AI can help optimize energy grids, reducing waste and carbon emissions."
A625_0,625,"I want to go, but I don't speak the language very well."
A626_0,626,Sushi is not relevant to the topic of artificial intelligence.
A627_0,627,NJPW (New Japan Pro-Wrestling) is a professional wrestling promotion based in Japan.
A628_0,628,"The development and use of AI in warfare could have devastating consequences, similar to the impact of nuclear weapons in World War II."
A629_0,629,Cherry Blossom Trees
A630_0,630,Clothing sizes vary significantly between the U.S. and boutiques in Harajuku.
A631_0,631,The relentless pursuit of productivity can lead to burnout and a lack of work-life balance.
A632_0,632,Mount Fuji is not relevant to the topic of artificial intelligence.
A633_0,633,Arcade rhythm games provide an engaging and interactive way to enjoy music.
A634_0,634,No clear argument provided.
A635_0,635,"Karate, originating from Okinawa, is a significant cultural contribution."
A635_1,635,Anime is a popular and influential form of entertainment.
A635_2,635,Japanese cuisine is renowned for its unique flavors and presentation.
A635_3,635,The samurai are an iconic symbol of Japanese history and culture.
A636_0,636,This input does not appear to be related to the topic of artificial intelligence.
A637_0,637,"AI can influence extreme work ethics, leading to both positive and negative outcomes."
A638_0,638,Some places are quiet and antisocial.
A639_0,639,Vacation.
A640_0,640,"Living there for six years, I found the Kafkaesque paperwork at the ward office burdensome."
A641_0,641,AI can help create innovative and efficient building designs.
A642_0,642,Cherry blossoms
A643_0,643,I work for a company headquartered in Japan but located in the United States.
A644_0,644,Tokyo and Mt. Fuji are significant landmarks in Japan.
A645_0,645,AI can assist elderly people in their daily lives.
A646_0,646,"Kyoto is a city where I would love to live, even though I am not typically a city person."
A648_0,648,I really want to go!
A649_0,649,Mount Fuji and cherry blossoms are iconic symbols of Japan.
A650_0,650,The snow is so deep that it feels like I need a snorkel.
A651_0,651,No relevant argument provided.
A652_0,652,I want to visit Japan.
A653_0,653,Sushi
A654_0,654,Sushi
A655_0,655,This input does not seem relevant to the topic of artificial intelligence.
A656_0,656,Sushi
A657_0,657,AI has the potential to revolutionize various industries and aspects of life.
A658_0,658,Cherry blossom trees enhance natural beauty.
A658_1,658,Sand gardens provide a serene and meditative environment.
A659_0,659,Tokyo
A659_1,659,Sushi
A659_2,659,Anime
A659_3,659,Kyoto
A660_0,660,Thank you very much.
A661_0,661,The Suicide Cliffs of Saipan are a historical site where many civilians and soldiers tragically lost their lives during World War II.
A662_0,662,This statement is not relevant to the topic of artificial intelligence.
A663_0,663,Dirty underwear should not be available for purchase in vending machines.
A664_0,664,A woman at a metro station in Tokyo helped me find the right line and was very helpful.
A665_0,665,Wabi-sabi is a Japanese aesthetic that finds beauty in imperfection and impermanence.
A666_0,666,Shinto and Zen Buddhism are important cultural aspects.
A666_1,666,Temple bells are significant in Shinto and Zen Buddhism.
A667_0,667,Crowded spaces with no free space to move.
A667_1,667,Used panties in vending machines but no real porn.
A668_0,668,Final Fantasy games should be considered in discussions about AI in gaming.
A670_0,670,This input is not relevant to the topic of artificial intelligence.
A671_0,671,Tokyo
A672_0,672,Sushi & Anime
A673_0,673,The argument is unclear and lacks context.
A674_0,674,Good food
A675_0,675,AI should be used to monitor and prevent war crimes.
A676_0,676,AI can enhance the development and personalization of J-beauty skincare products.
A677_0,677,Sushi in Japan is incredible.
A678_0,678,Some people idealize skiing in an unusual way.
A679_0,679,Their buildings and the rhinoceros beetles.
A680_0,680,Japan is a fascinating country.
A681_0,681,They were allied with Germany in WWII.
A682_0,682,AI can improve food production and distribution.
A683_0,683,The Japanese Central Bank owns a significant portion of Japan's equity market.
A684_0,684,This input is not relevant to the topic of artificial intelligence.
A685_0,685,"Karaoke is very popular in Okinawa, as I observed during my deployment there."
A686_0,686,One of my favorite 80's bands.
A687_0,687,Japan should be a key player in the development and regulation of AI technologies.
A688_0,688,Their society has a very low crime rate and people are super polite.
A688_1,688,"However, the work culture is horrible, and excessive respect for superiors can halt progress due to stubborn old bosses."
A689_0,689,Ishidaya steakhouse in Kobe served the best meal I've ever eaten. I still think about it years later.
A690_0,690,"The general physical fitness level of the population is high, with no cases of obesity."
A691_0,691,"Building a nuclear reactor on a subduction zone, like Fukushima, was a predictable risk."
A692_0,692,"Gourmet ramen is warm and inviting, unlike instant ramen."
A693_0,693,The beautiful architecture
A694_0,694,Nanking
A696_0,696,Tokyo's streets are often very crowded.
A698_0,698,"Samurai were Japanese warriors known for their martial skills, honor, and loyalty."
A699_0,699,I want to visit just for the vending machines.
A700_0,700,"AI culture is fascinating, with both great and awful aspects, and is very different from Western culture."
A703_0,703,Pride never dies.
A704_0,704,AI can optimize energy grids to reduce waste and carbon emissions.
A705_0,705,This input does not appear to be an argument related to artificial intelligence.
A706_0,706,"A classic Japanese house with paper walls and a big pink cherry blossom tree in front, set on a hill with spectacular mountains in the background."
A707_0,707,I have an abiding passion for sushi.
A708_0,708,"Family, bike lanes, and noodles."
A709_0,709,Red circle
A710_0,710,AI can improve food production and distribution.
A711_0,711,AI can optimize the design and manufacturing of electronics.
A712_0,712,This input does not seem to be related to the topic of artificial intelligence.
A713_0,713,The thought of committing sudoku.
A714_0,714,"AI can enhance advanced technologies like holograms, 3D billboards, and robots."
A715_0,715,WW2 war crimes included the massacre of Koreans and Chinese.
A716_0,716,People who watch anime often wish to experience the anime world.
A718_0,718,Busy cities with polite people going about their business.
A720_0,720,Cherry blossom
A721_0,721,"Japan is known for its rich culture, delicious food, and natural beauty."
A722_0,722,The country is beautiful but has issues with xenophobia.
A723_0,723,Cherry blossom trees enhance the beauty of temples.
A724_0,724,AI should be regulated to prevent its use in committing war crimes.
A725_0,725,Irasshimase
A726_0,726,AI should be used to prevent the proliferation and use of nuclear weapons.
A727_0,727,Ramen
A728_0,728,The term 'Godzuki' is unclear in this context and needs further clarification.
A729_0,729,The image of Mount Fuji and a Shinkansen train stuck with me since I first read about Japan in an encyclopedia as a kid.
A730_0,730,AI development should be guided by strict discipline and ethical standards.
A732_0,732,AI can help improve cleanliness in various environments.
A733_0,733,Japan is known for its cultural contributions like soy sauce and iconic characters like Mothra.
A734_0,734,Cherry blossoms.
A735_0,735,Living in a new place can be difficult due to severe culture shock.
A736_0,736,"AI should enhance aesthetics, such as warm sunsets and peaceful environments."
A738_0,738,AI can optimize energy grids to reduce waste and carbon emissions.
A740_0,740,AI could contribute to extending human lifespan to 120 years.
A742_0,742,We should address the issue of excessive plastic packaging in snacks.
A742_1,742,We need to acknowledge and discuss the war crimes committed during World War II.
A742_2,742,The cultural concept of 'saving face' should be considered in international relations.
A742_3,742,Anime has a significant cultural impact and should be recognized.
A743_0,743,Kimonos and traditional dances are cultural heritage that should be preserved.
A744_0,744,Traditional architecture
A745_0,745,No valid argument provided.
A746_0,746,We are considering making it our first real family vacation.
A747_0,747,AI could improve the efficiency and convenience of pod hotels.
A747_1,747,AI could help address safety concerns related to suspicious behavior on trains.
A748_0,748,AI can help reduce tedium by automating repetitive tasks.
A749_0,749,I thought America was racist until I read about Japan.
A750_0,750,The rise of AI presents both opportunities and challenges.
A752_0,752,Pixels are the smallest unit of a digital image or display.
A753_0,753,Toyota
A754_0,754,"AI can help optimize energy grids, reducing waste and carbon emissions."
A755_0,755,AI can improve food production and distribution.
A756_0,756,Mountains
A757_0,757,AI technologies should be developed with a focus on reducing their own environmental impact over their lifecycle.
A757_1,757,"There should be a concerted effort to educate the public about the capabilities, limitations, and ethical considerations of AI."
A757_2,757,AI can optimize smart homes and buildings for energy efficiency and occupant wellbeing.
A757_3,757,"AI can help optimize energy grids, reducing waste and carbon emissions."
A759_0,759,"Anime is a popular form of entertainment that combines art, storytelling, and culture."
A760_0,760,This is not relevant to the topic of artificial intelligence.
A761_0,761,The location of AI infrastructure on the planet matters.
A763_0,763,"The ethical implications of AI in sensitive areas, such as mental health, need careful consideration."
A764_0,764,Chinese food
A765_0,765,AI should not lead to situations where people have to work until they die.
A767_0,767,Hello!
A768_0,768,AI could lead to job displacement and lower wages.
A769_0,769,"In Japan, I saw businessmen using pillows shaped like anime girl legs attached to cardboard cutouts, likely as a promotional stunt."
A769_1,769,The promotion exceeded my expectations of seeing unusual things in Akihabara.
A770_0,770,Japan has a long history of dedication to perfection and personal discipline.
A770_1,770,"Western influence has negatively impacted Japan's cultural legacy, reducing it to commercialized and controversial elements."
A771_0,771,Bunny Island!
A772_0,772,Tokyo
A774_0,774,"Anime is a popular form of entertainment that combines art, storytelling, and culture."
A776_0,776,"Hey, Bim!"
A777_0,777,This input does not appear to be relevant to the topic of artificial intelligence.
A779_0,779,Disney parks offer cuter and prettier merchandise.
A780_0,780,"Anime is a popular form of entertainment that combines art, storytelling, and culture."
A781_0,781,"I am at a caf√© near the Daya Cat museum, with a view of Lake Kawaguchi and Mount Fuji in the distance, surrounded by Cherry Blossoms."
A782_0,782,I miss it and want to go back.
A783_0,783,Mount Fuji is not relevant to the topic of artificial intelligence.
A784_0,784,Cherry blossoms are beautiful and symbolize the transient nature of life.
A786_0,786,Two bright flashes of light were observed.
A787_0,787,Feudal Japan and samurai
A788_0,788,"Tokyo is very crowded, and the government is paying people to move."
A789_0,789,Sumo
A790_0,790,This input does not appear to be related to the topic of artificial intelligence.
A791_0,791,AI can be used to enhance the safety and efficiency of nuclear energy.
A792_0,792,AI represents futuristic technology.
A793_0,793,AI can optimize energy grids to reduce waste and carbon emissions.
A795_0,795,AI can impact culture in various ways.
A796_0,796,"AI can help optimize energy grids, reducing waste and carbon emissions."
A797_0,797,No relevant argument provided.
A798_0,798,Ninja
A799_0,799,"I'm trying to learn Japanese, including Hiragana, Katakana, and Kanji."
A800_0,800,It's unfair to reduce Japan's contributions to just anime and weeaboos.
A801_0,801,Roppongi
A802_0,802,AI could help create futuristic cities like those depicted in Blade Runner.
A803_0,803,Disciplined people are essential for the responsible development and use of AI.
A803_1,803,"The impact of AI should be managed to avoid catastrophic outcomes, akin to a 'Godzilla' scenario."
A804_0,804,Vending machines should not sell used underwear due to hygiene and ethical concerns.
A805_0,805,Japanese culture includes anime and sushi.
A806_0,806,Ramen
A807_0,807,Cherry blossoms are beautiful and culturally significant.
A808_0,808,Judo
A809_0,809,"Sushi is a traditional Japanese dish made with vinegared rice and various ingredients such as seafood, vegetables, and sometimes tropical fruits."
A810_0,810,AI development should address and mitigate xenophobia.
A811_0,811,Anime is a style of animation that originated in Japan and has a global fanbase.
A812_0,812,Cherry blossoms are beautiful and symbolize the transient nature of life.
A813_0,813,This input does not appear to be relevant to the topic of artificial intelligence.
A814_0,814,This input does not appear to be related to the topic of artificial intelligence.
A816_0,816,Pearl Harbor
A817_0,817,"AI can help optimize energy grids, reducing waste and carbon emissions."
A817_1,817,AI can optimize smart homes and buildings for energy efficiency and occupant wellbeing.
A817_2,817,We should educate the public about the capabilities of AI.
A817_3,817,We should educate the public about the limitations and ethical considerations of AI.
A817_4,817,We should focus on reducing the environmental impact of AI technologies.
A818_0,818,AI can improve high-tech toilets and hot beverage vending machines.
A819_0,819,"Enjoying ramen outdoors, Gundam, and bullet trains in that order."
A821_0,821,This input is not relevant to the topic of artificial intelligence.
A822_0,822,Sushi
A823_0,823,Sashimi
A824_0,824,Robots
A825_0,825,"Mountains covered in thick, sticky snow."
A826_0,826,"Animes, Samurais, and Sushi!"
A827_0,827,Red dot
A827_1,827,Ancient buildings and paintings
A827_2,827,Geisha outfit
A827_3,827,Food
A827_4,827,Friend's mom teaching me to use chopsticks
A827_5,827,Streets of Tokyo
A828_0,828,Hello Kitty is not relevant to the discussion on artificial intelligence.
A829_0,829,There are concerns about AI being used to promote weird porn and weird foods.
A829_1,829,There are concerns about AI being used for cruelty to animals with said foods.
A829_2,829,"Despite these concerns, the people involved seem nice."
A830_0,830,This input is not relevant to the topic of artificial intelligence.
A832_0,832,Cherry blossoms are changing significantly.
A834_0,834,Cherry blossoms.
A835_0,835,Red Circle.
A836_0,836,Pok√©mon
A837_0,837,"The country has excellent public transportation, great food, video games, and friendly people."
A837_1,837,There is a culture of overworking employees.
A837_2,837,I would love to visit because my grandpa lived there.
A838_0,838,"AI can help optimize energy grids, reducing waste and carbon emissions."
A840_0,840,AI should be used to identify and mitigate toxic work culture.
A841_0,841,"AI can help optimize energy grids, reducing waste and carbon emissions."
A842_0,842,"Identify the best places to live after the UAE based on factors like quality of life, cost of living, and job opportunities."
A843_0,843,AI can perfectly synthesize culture.
A844_0,844,Polite people
A844_1,844,Cherry blossoms
A845_0,845,Tokyo is a vibrant city with many attractions.
A845_1,845,Sushi is a popular and traditional Japanese dish.
A845_2,845,Cherry blossoms are a beautiful and iconic symbol of Japan.
A846_0,846,"Samurai were Japanese warriors known for their martial skills, honor, and loyalty."
A847_0,847,I think about a rising sun.
A849_0,849,"Ukiyo, the floating world."
A850_0,850,Udon noodles are thick and satisfying.
A852_0,852,"AI technologies can enhance everyday products like motorcycles, vinyl records, and record player cartridges."
A853_0,853,Guitars and whisky
A854_0,854,"Anime, sushi, and bowing are cultural elements associated with Japan."
A855_0,855,No relevant argument provided.
A856_0,856,The Band
A857_0,857,AI could be used to develop futuristic toilets.
A857_1,857,AI could be used to create hilarious game shows.
A858_0,858,The Great Wave off Kanagawa has inspired much of the imagery used to represent Japan.
A858_1,858,The Great Wave off Kanagawa is a remarkable art piece.
A859_0,859,The issue of comfort women and the atrocities they faced during WWII should be acknowledged and addressed.
A861_0,861,Inappropriate or offensive content should be filtered out in public consultations.
A863_0,863,How does the sexual culture in Japan differ from that in Western countries?
A864_0,864,"Sushi restaurants with conveyor belts, often found in Japan, use AI to deliver food efficiently."
A865_0,865,The word 'Japan' is not an argument related to AI.
A866_0,866,AI should be regulated to prevent its use in committing war crimes.
A867_0,867,The cats
A868_0,868,Japanese culture is a walking dichotomy.
A871_0,871,Tokyo is a large city known for its neon lights.
A872_0,872,Sakura trees are not relevant to the topic of artificial intelligence.
A873_0,873,I want to visit again; it's been too long!
A875_0,875,This input does not appear to be a relevant argument about artificial intelligence.
A876_0,876,Pok√©mon
A877_0,877,The Fast and the Furious: Tokyo Drift is a cinematic masterpiece.
A878_0,878,I want to live on an island.
A879_0,879,Please refrain from using derogatory language.
A880_0,880,AI could negatively impact mental health.
A881_0,881,Consider the cultural context of Asia when developing AI technologies.
A882_0,882,"Samurai were Japanese warriors known for their martial skills, honor, and loyalty."
A885_0,885,"When I think of AI, I immediately think of its impact on food, national identity, and entertainment like anime."
A888_0,888,Japan is the cleanest place I have ever been.
A889_0,889,Tokyo
A890_0,890,The cherry blossom tree.
A891_0,891,"AI can help optimize energy grids, reducing waste and carbon emissions."
A892_0,892,"Katana, Ninjas, Anime"
A893_0,893,"Some of the best friends I ever had lived in Oiso, Japan."
A894_0,894,"AI can help optimize energy grids, reducing waste and carbon emissions."
A895_0,895,The development and use of AI in nuclear technology should be carefully regulated.
A896_0,896,The existence of used panties vending machines raises ethical and legal concerns.
A897_0,897,No argument provided.
A898_0,898,AI can create beautiful art with a blend of precision and creativity.
A898_1,898,AI can explore unique artistic concepts like the 'broken doll' theme.
A899_0,899,I hope to visit Aoshima Island and spend time with the cats.
A900_0,900,AI can contribute to fantastic design concepts in various fields.
A901_0,901,The food industry can benefit from AI by improving supply chain efficiency and reducing waste.
A902_0,902,The term 'Kamikaze' is not relevant to the discussion on artificial intelligence.
A903_0,903,Japan is a respectable country with a rich culture worth experiencing.
A904_0,904,Thousands of Americans were killed at Pearl Harbor.
A905_0,905,"Sushi is a traditional Japanese dish made with vinegared rice and various ingredients, such as seafood and vegetables."
A907_0,907,AI can enhance the efficiency and safety of bullet trains.
A907_1,907,AI can improve the performance and innovation of Sony's products.
A908_0,908,This input does not appear to be related to the topic of artificial intelligence.
A909_0,909,Tokyo at night is a vibrant and bustling cityscape.
A910_0,910,"Shinto, hands down."
A911_0,911,One Piece should be followed by other anime.
A912_0,912,The impact of AI on Japanese society should be considered.
A914_0,914,The country is great but has some issues with xenophobia.
A915_0,915,Sushi
A916_0,916,Sushi
A917_0,917,Tokyo has crowded streets with people wearing masks.
A917_1,917,Anime is advertised everywhere in Tokyo.
A919_0,919,This input does not appear to be a relevant argument about artificial intelligence.
A920_0,920,Ramen
A921_0,921,Weird in a good way.
A922_0,922,Rising sun
A923_0,923,Whiskey
A925_0,925,The country is extremely clean and the people are very nice and respectful.
A928_0,928,Studying Japanese is extremely challenging and often feels overwhelming.
A930_0,930,"AI can help optimize energy grids, reducing waste and carbon emissions."
A931_0,931,The city has cute and respectful people.
A932_0,932,This input is not relevant to the discussion on artificial intelligence.
A935_0,935,"AI development should consider historical parallels to avoid repeating past atrocities, such as those committed by the Nazis during WWII."
A936_0,936,I want to go there.
A937_0,937,AI can enhance the distinctive design of old buildings and cars.
A938_0,938,AI should be designed to prioritize ethical considerations and user safety.
A939_0,939,Rice
A940_0,940,Kiryu Kazuma
A941_0,941,AI can lead to the creation of unique and innovative inventions.
A942_0,942,Hokkaido experiences significant snowfall.
A943_0,943,This input does not appear to be an argument related to artificial intelligence.
A944_0,944,We should focus on reducing the environmental impact of AI technologies.
A944_1,944,We should educate the public about the capabilities of AI.
A944_2,944,We should educate the public about the limitations and ethical considerations of AI.
A944_3,944,AI can optimize smart homes and buildings for energy efficiency and occupant wellbeing.
A944_4,944,AI could optimize energy grids to reduce waste and carbon emissions.
A945_0,945,Sakura trees are beautiful and culturally significant.
A946_0,946,Should we prioritize Tokyo or Okinawa for AI development initiatives?
A949_0,949,Japan should be cautious about the development and deployment of AI technologies.
A950_0,950,Square watermelons.
A952_0,952,The impact of AI on Japanese society should be considered.
A953_0,953,Vending machines should be more widely available.
A954_0,954,"My first girlfriend, Ayaka, was beautiful."
A954_1,954,I felt a slight twinge of jealousy that faded quickly.
A954_2,954,"Japan has a rich culture with samurai, ninjas, anime, sushi, and sake."
A955_0,955,"AI can help optimize energy grids, reducing waste and carbon emissions."
A956_0,956,"Experience cherry blossoms and friendly feral deer by day, and neon lights and sake bars by night."
A957_0,957,AI can enhance the experience of anime and video games.
A958_0,958,Cherry blossoms
A959_0,959,The food is amazing.
A960_0,960,AI should benefit both urban areas like Tokyo Tower and rural farmers equally.
A961_0,961,"AI should consider the cultural impacts of its applications, such as in anime and yakuza culture."
A961_1,961,"AI should be mindful of historical sensitivities, like those related to atomic bombs."
A962_0,962,The development of cyborgs raises important ethical and societal questions.
A964_0,964,"Tokyo Tower is a landmark in Tokyo, Japan."
A965_0,965,The beaches of Okinawa are made of crushed seashells and coral instead of sand.
A967_0,967,My friend Justin and his wife live there happily.
A968_0,968,This input is not relevant to the topic of artificial intelligence.
A970_0,970,The bullet train travels through beautiful scenery.
A971_0,971,This input is not relevant to the topic of artificial intelligence.
A972_0,972,Do not rub chopsticks together as it is considered an insult to the host.
A973_0,973,Ramen
A974_0,974,"The place has fantastic food, lovely people, beautiful design, and is uniquely strange."
A975_0,975,Their city's neon lights.
A976_0,976,Hiroshima is an example of the devastating impact of technology when used irresponsibly.
A977_0,977,Black hair and bowl cuts.
A978_0,978,Gran Turismo has successfully combined Japanese jazz and cars.
A979_0,979,Technology
A980_0,980,AI development should prioritize respect for human rights and dignity.
A981_0,981,AI can improve food production and distribution.
A982_0,982,The beauty of nature.
A983_0,983,"AI can help optimize energy grids, reducing waste and carbon emissions."
A984_0,984,The Skytree with its lights turned on and the sound of cicadas.
A986_0,986,AI can help ensure trains run on time.
A988_0,988,Anime and the beautiful cherry blossoms.
A989_0,989,Umeboshi is not relevant to the topic of artificial intelligence.
A990_0,990,AI can assist stressed office workers by providing support and efficiency tools.
A991_0,991,Sony (but maybe not anymore)
A992_0,992,AI can improve the efficiency and safety of bullet trains.
A994_0,994,I can't find clear information on the wages of tradesmen in Japan.
A997_0,997,Sakura trees are not relevant to the discussion on artificial intelligence.
A998_0,998,This input is not relevant to the topic of artificial intelligence.
A999_0,999,The argument is not relevant to the topic of artificial intelligence.
A1000_0,1000,Fermented beans have a strong taste and smell.
